Fecha_Sorteo,Numero
11/08/2008,22
12/08/2008,02
13/08/2008,63
18/08/2008,26
19/08/2008,46
20/08/2008,93
21/08/2008,83
22/08/2008,84
25/08/2008,38
26/08/2008,61
27/08/2008,31
28/08/2008,81
28/08/2008,82
29/08/2008,57
01/09/2008,16
02/09/2008,75
03/09/2008,53
04/09/2008,69
05/09/2008,67
08/09/2008,65
09/09/2008,35
11/09/2008,63
12/09/2008,92
15/09/2008,93
16/09/2008,36
17/09/2008,89
18/09/2008,78
19/09/2008,87
23/09/2008,49
24/09/2008,01
25/09/2008,75
26/09/2008,30
29/09/2008,21
30/09/2008,39
01/10/2008,48
02/10/2008,16
03/10/2008,51
06/10/2008,59
07/10/2008,14
08/10/2008,09
09/10/2008,62
10/10/2008,97
14/10/2008,88
15/10/2008,36
16/10/2008,71
16/10/2008,72
17/10/2008,61
20/10/2008,28
21/10/2008,27
22/10/2008,92
24/10/2008,73
27/10/2008,10
28/10/2008,46
30/10/2008,51
31/10/2008,73
03/11/2008,06
04/11/2008,37
05/11/2008,25
06/11/2008,01
07/11/2008,95
07/11/2008,96
10/11/2008,91
11/11/2008,62
12/11/2008,31
13/11/2008,64
14/11/2008,33
17/11/2008,06
18/11/2008,42
20/11/2008,50
21/11/2008,73
24/11/2008,54
25/11/2008,66
27/11/2008,03
28/11/2008,29
01/12/2008,95
01/12/2008,96
02/12/2008,18
03/12/2008,93
04/12/2008,57
05/12/2008,67
08/12/2008,59
09/12/2008,71
09/12/2008,72
10/12/2008,18
11/12/2008,02
12/12/2008,56
15/12/2008,53
16/12/2008,63
17/12/2008,48
18/12/2008,04
19/12/2008,48
22/12/2008,55
05/01/2009,21
06/01/2009,45
07/01/2009,69
08/01/2009,94
09/01/2009,45
12/01/2009,78
13/01/2009,70
14/01/2009,83
15/01/2009,95
15/01/2009,96
16/01/2009,14
19/01/2009,19
20/01/2009,78
22/01/2009,68
23/01/2009,17
26/01/2009,13
27/01/2009,02
28/01/2009,73
29/01/2009,38
30/01/2009,00
02/02/2009,04
03/02/2009,51
04/02/2009,25
05/02/2009,27
09/02/2009,53
10/02/2009,20
11/02/2009,36
12/02/2009,25
13/02/2009,70
16/02/2009,25
17/02/2009,02
18/02/2009,75
19/02/2009,51
20/02/2009,99
23/02/2009,30
24/02/2009,71
24/02/2009,72
25/02/2009,19
26/02/2009,05
27/02/2009,27
02/03/2009,27
03/03/2009,08
04/03/2009,58
05/03/2009,59
06/03/2009,83
10/03/2009,31
11/03/2009,30
12/03/2009,53
13/03/2009,15
16/03/2009,73
17/03/2009,94
18/03/2009,73
19/03/2009,05
20/03/2009,43
23/03/2009,22
24/03/2009,39
25/03/2009,76
26/03/2009,71
26/03/2009,72
27/03/2009,54
30/03/2009,18
31/03/2009,09
01/04/2009,34
03/04/2009,00
06/04/2009,13
07/04/2009,29
08/04/2009,81
08/04/2009,82
09/04/2009,71
09/04/2009,72
14/04/2009,63
15/04/2009,32
16/04/2009,28
17/04/2009,54
20/04/2009,60
21/04/2009,79
22/04/2009,37
23/04/2009,47
24/04/2009,41
27/04/2009,07
28/04/2009,81
28/04/2009,82
29/04/2009,09
30/04/2009,17
04/05/2009,75
05/05/2009,24
06/05/2009,71
06/05/2009,72
07/05/2009,84
08/05/2009,46
11/05/2009,07
12/05/2009,11
13/05/2009,18
14/05/2009,77
15/05/2009,51
18/05/2009,57
19/05/2009,34
20/05/2009,35
21/05/2009,36
22/05/2009,75
26/05/2009,56
27/05/2009,43
28/05/2009,14
29/05/2009,60
01/06/2009,19
02/06/2009,47
03/06/2009,78
04/06/2009,84
05/06/2009,24
08/06/2009,24
09/06/2009,35
10/06/2009,46
11/06/2009,52
12/06/2009,74
15/06/2009,34
16/06/2009,95
16/06/2009,96
17/06/2009,13
18/06/2009,42
19/06/2009,33
22/06/2009,57
23/06/2009,98
24/06/2009,12
25/06/2009,07
26/06/2009,25
29/06/2009,90
30/06/2009,30
01/07/2009,86
02/07/2009,90
03/07/2009,01
06/07/2009,23
07/07/2009,97
08/07/2009,25
09/07/2009,03
10/07/2009,25
13/07/2009,99
14/07/2009,03
15/07/2009,23
16/07/2009,57
17/07/2009,08
20/07/2009,07
21/07/2009,30
22/07/2009,37
23/07/2009,17
24/07/2009,56
27/07/2009,57
28/07/2009,70
30/07/2009,98
31/07/2009,10
03/08/2009,04
04/08/2009,86
05/08/2009,57
06/08/2009,95
06/08/2009,96
07/08/2009,29
10/08/2009,20
11/08/2009,50
12/08/2009,81
12/08/2009,82
13/08/2009,46
14/08/2009,18
17/08/2009,84
18/08/2009,94
19/08/2009,10
20/08/2009,86
21/08/2009,00
24/08/2009,88
25/08/2009,27
26/08/2009,57
27/08/2009,37
28/08/2009,45
31/08/2009,21
01/09/2009,37
02/09/2009,85
04/09/2009,76
07/09/2009,90
08/09/2009,34
09/09/2009,67
11/09/2009,21
22/09/2009,71
22/09/2009,72
23/09/2009,60
24/09/2009,13
25/09/2009,07
28/09/2009,64
29/09/2009,35
30/09/2009,34
01/10/2009,70
02/10/2009,85
05/10/2009,30
06/10/2009,76
07/10/2009,68
08/10/2009,93
09/10/2009,25
13/10/2009,34
14/10/2009,86
15/10/2009,10
16/10/2009,09
19/10/2009,05
20/10/2009,71
20/10/2009,72
21/10/2009,50
22/10/2009,36
23/10/2009,38
26/10/2009,63
27/10/2009,08
28/10/2009,33
29/10/2009,93
30/10/2009,03
02/11/2009,07
04/11/2009,22
05/11/2009,54
06/11/2009,93
09/11/2009,79
10/11/2009,22
11/11/2009,97
12/11/2009,97
13/11/2009,88
16/11/2009,84
17/11/2009,11
18/11/2009,67
20/11/2009,63
23/11/2009,03
24/11/2009,20
25/11/2009,40
26/11/2009,16
27/11/2009,59
30/11/2009,00
01/12/2009,49
02/12/2009,28
03/12/2009,30
04/12/2009,38
07/12/2009,73
08/12/2009,93
09/12/2009,40
10/12/2009,26
11/12/2009,81
11/12/2009,82
14/12/2009,68
16/12/2009,08
17/12/2009,28
18/12/2009,84
29/12/2009,00
30/12/2009,21
31/12/2009,43
01/01/2010,43
04/01/2010,07
05/01/2010,63
06/01/2010,10
07/01/2010,90
08/01/2010,78
11/01/2010,88
12/01/2010,02
13/01/2010,27
14/01/2010,83
15/01/2010,61
18/01/2010,68
19/01/2010,32
20/01/2010,68
21/01/2010,09
22/01/2010,27
25/01/2010,76
26/01/2010,63
27/01/2010,14
28/01/2010,98
29/01/2010,78
01/02/2010,14
02/02/2010,64
03/02/2010,39
04/02/2010,40
05/02/2010,42
08/02/2010,47
10/02/2010,12
11/02/2010,01
12/02/2010,88
15/02/2010,22
16/02/2010,61
17/02/2010,53
18/02/2010,32
22/02/2010,22
23/02/2010,54
24/02/2010,77
25/02/2010,54
26/02/2010,64
10/03/2010,26
11/03/2010,98
12/03/2010,85
15/03/2010,19
16/03/2010,71
16/03/2010,72
17/03/2010,03
18/03/2010,62
19/03/2010,58
23/03/2010,81
23/03/2010,82
24/03/2010,07
25/03/2010,53
26/03/2010,14
06/04/2010,94
07/04/2010,66
08/04/2010,56
09/04/2010,11
12/04/2010,21
13/04/2010,71
13/04/2010,72
14/04/2010,75
15/04/2010,01
16/04/2010,35
19/04/2010,52
20/04/2010,14
21/04/2010,99
22/04/2010,55
23/04/2010,13
26/04/2010,48
27/04/2010,01
28/04/2010,65
29/04/2010,05
30/04/2010,46
03/05/2010,50
04/05/2010,41
05/05/2010,60
06/05/2010,11
07/05/2010,17
10/05/2010,25
11/05/2010,57
12/05/2010,88
13/05/2010,23
14/05/2010,32
17/05/2010,93
18/05/2010,92
19/05/2010,05
20/05/2010,09
21/05/2010,24
25/05/2010,09
26/05/2010,28
27/05/2010,57
28/05/2010,01
31/05/2010,97
01/06/2010,97
02/06/2010,35
03/06/2010,88
04/06/2010,32
07/06/2010,40
08/06/2010,25
09/06/2010,45
10/06/2010,17
11/06/2010,20
14/06/2010,62
15/06/2010,54
16/06/2010,23
17/06/2010,44
18/06/2010,17
21/06/2010,02
22/06/2010,18
23/06/2010,79
24/06/2010,42
25/06/2010,56
28/06/2010,34
29/06/2010,22
30/06/2010,35
01/07/2010,97
02/07/2010,18
05/07/2010,00
06/07/2010,56
07/07/2010,93
08/07/2010,49
09/07/2010,87
12/07/2010,88
14/07/2010,29
15/07/2010,14
16/07/2010,25
19/07/2010,45
20/07/2010,37
21/07/2010,59
22/07/2010,80
23/07/2010,45
26/07/2010,41
27/07/2010,61
28/07/2010,30
29/07/2010,51
30/07/2010,28
02/08/2010,18
05/08/2010,32
06/08/2010,57
09/08/2010,37
10/08/2010,23
11/08/2010,25
12/08/2010,08
13/08/2010,60
16/08/2010,26
17/08/2010,85
18/08/2010,33
19/08/2010,89
20/08/2010,15
23/08/2010,54
24/08/2010,11
25/08/2010,47
26/08/2010,26
27/08/2010,63
30/08/2010,26
31/08/2010,00
01/09/2010,08
02/09/2010,49
03/09/2010,76
06/09/2010,62
07/09/2010,68
08/09/2010,05
09/09/2010,00
13/09/2010,35
14/09/2010,53
15/09/2010,84
16/09/2010,61
17/09/2010,50
20/09/2010,76
22/09/2010,95
22/09/2010,96
27/09/2010,75
28/09/2010,20
29/09/2010,09
30/09/2010,26
01/10/2010,87
04/10/2010,94
05/10/2010,73
06/10/2010,87
07/10/2010,20
08/10/2010,62
12/10/2010,76
13/10/2010,18
14/10/2010,06
15/10/2010,35
18/10/2010,06
19/10/2010,74
20/10/2010,88
21/10/2010,27
22/10/2010,10
25/10/2010,28
26/10/2010,38
27/10/2010,70
28/10/2010,30
29/10/2010,77
02/11/2010,66
03/11/2010,13
04/11/2010,98
05/11/2010,87
08/11/2010,90
09/11/2010,01
10/11/2010,35
11/11/2010,39
12/11/2010,85
15/11/2010,75
16/11/2010,32
17/11/2010,77
18/11/2010,47
22/11/2010,90
23/11/2010,57
25/11/2010,37
26/11/2010,48
29/11/2010,23
30/11/2010,24
01/12/2010,98
02/12/2010,80
03/12/2010,32
06/12/2010,29
07/12/2010,89
08/12/2010,62
09/12/2010,07
10/12/2010,70
13/12/2010,35
14/12/2010,90
15/12/2010,85
16/12/2010,32
17/12/2010,90
20/12/2010,35
21/12/2010,01
22/12/2010,18
23/12/2010,44
24/12/2010,68
28/12/2010,47
29/12/2010,37
30/12/2010,27
31/12/2010,25
03/01/2011,04
04/01/2011,33
05/01/2011,26
06/01/2011,22
07/01/2011,41
10/01/2011,49
11/01/2011,76
12/01/2011,19
13/01/2011,29
14/01/2011,63
17/01/2011,23
18/01/2011,84
19/01/2011,71
19/01/2011,72
20/01/2011,47
21/01/2011,35
24/01/2011,80
25/01/2011,45
26/01/2011,22
27/01/2011,17
28/01/2011,15
31/01/2011,66
01/02/2011,43
02/02/2011,19
03/02/2011,88
04/02/2011,34
07/02/2011,49
08/02/2011,10
09/02/2011,57
10/02/2011,34
11/02/2011,83
14/02/2011,17
15/02/2011,56
16/02/2011,88
17/02/2011,36
18/02/2011,89
21/02/2011,97
22/02/2011,06
23/02/2011,62
24/02/2011,66
25/02/2011,60
28/02/2011,22
01/03/2011,15
02/03/2011,34
03/03/2011,87
04/03/2011,00
08/03/2011,03
09/03/2011,06
10/03/2011,10
11/03/2011,39
14/03/2011,58
15/03/2011,63
16/03/2011,57
17/03/2011,15
18/03/2011,63
21/03/2011,68
22/03/2011,02
23/03/2011,26
24/03/2011,45
25/03/2011,11
28/03/2011,60
29/03/2011,40
30/03/2011,52
31/03/2011,65
01/04/2011,03
04/04/2011,66
05/04/2011,32
06/04/2011,87
07/04/2011,32
08/04/2011,05
11/04/2011,76
12/04/2011,67
14/04/2011,56
15/04/2011,27
18/04/2011,95
18/04/2011,96
19/04/2011,59
20/04/2011,27
21/04/2011,75
03/05/2011,58
04/05/2011,22
05/05/2011,30
06/05/2011,07
10/05/2011,37
11/05/2011,91
12/05/2011,27
13/05/2011,88
16/05/2011,06
17/05/2011,44
18/05/2011,54
19/05/2011,06
20/05/2011,93
24/05/2011,31
25/05/2011,04
26/05/2011,08
27/05/2011,75
30/05/2011,85
31/05/2011,38
01/06/2011,53
02/06/2011,34
03/06/2011,91
06/06/2011,07
08/06/2011,29
09/06/2011,03
10/06/2011,71
10/06/2011,72
13/06/2011,07
14/06/2011,43
15/06/2011,86
16/06/2011,65
17/06/2011,70
20/06/2011,15
21/06/2011,44
22/06/2011,41
23/06/2011,53
24/06/2011,37
27/06/2011,16
28/06/2011,64
29/06/2011,09
30/06/2011,35
01/07/2011,53
04/07/2011,14
05/07/2011,16
06/07/2011,53
07/07/2011,53
08/07/2011,02
11/07/2011,86
12/07/2011,73
13/07/2011,74
14/07/2011,47
15/07/2011,70
18/07/2011,84
19/07/2011,84
21/07/2011,48
22/07/2011,35
25/07/2011,77
26/07/2011,83
27/07/2011,28
28/07/2011,99
29/07/2011,24
01/08/2011,03
02/08/2011,08
03/08/2011,23
04/08/2011,83
05/08/2011,14
08/08/2011,54
09/08/2011,66
10/08/2011,42
11/08/2011,38
12/08/2011,27
15/08/2011,85
16/08/2011,55
17/08/2011,36
18/08/2011,70
19/08/2011,89
22/08/2011,23
23/08/2011,21
24/08/2011,07
25/08/2011,68
26/08/2011,61
29/08/2011,14
30/08/2011,14
31/08/2011,61
01/09/2011,06
02/09/2011,24
05/09/2011,61
06/09/2011,93
07/09/2011,84
08/09/2011,97
09/09/2011,66
12/09/2011,52
13/09/2011,07
14/09/2011,59
15/09/2011,35
16/09/2011,76
27/09/2011,73
28/09/2011,18
29/09/2011,99
03/10/2011,89
04/10/2011,70
05/10/2011,46
06/10/2011,74
07/10/2011,36
11/10/2011,95
11/10/2011,96
12/10/2011,24
13/10/2011,41
14/10/2011,61
17/10/2011,40
18/10/2011,89
19/10/2011,44
20/10/2011,00
21/10/2011,87
24/10/2011,95
24/10/2011,96
25/10/2011,53
26/10/2011,71
26/10/2011,72
27/10/2011,09
28/10/2011,70
31/10/2011,69
01/11/2011,71
01/11/2011,72
02/11/2011,50
03/11/2011,98
04/11/2011,77
07/11/2011,54
08/11/2011,45
09/11/2011,90
10/11/2011,69
11/11/2011,58
14/11/2011,92
15/11/2011,87
16/11/2011,49
17/11/2011,05
18/11/2011,81
18/11/2011,82
21/11/2011,62
22/11/2011,43
23/11/2011,13
24/11/2011,20
25/11/2011,22
28/11/2011,42
29/11/2011,88
30/11/2011,68
01/12/2011,49
02/12/2011,54
05/12/2011,50
06/12/2011,01
07/12/2011,11
08/12/2011,78
09/12/2011,18
12/12/2011,78
13/12/2011,66
14/12/2011,95
14/12/2011,96
15/12/2011,93
16/12/2011,30
19/12/2011,90
20/12/2011,66
21/12/2011,03
22/12/2011,70
23/12/2011,31
28/12/2011,18
29/12/2011,93
30/12/2011,90
03/01/2012,32
04/01/2012,86
05/01/2012,94
06/01/2012,24
09/01/2012,49
10/01/2012,30
11/01/2012,11
12/01/2012,33
13/01/2012,62
16/01/2012,68
17/01/2012,15
19/01/2012,46
20/01/2012,15
23/01/2012,80
24/01/2012,33
25/01/2012,62
26/01/2012,87
27/01/2012,10
30/01/2012,13
31/01/2012,24
01/02/2012,13
02/02/2012,07
03/02/2012,66
06/02/2012,02
07/02/2012,19
08/02/2012,53
09/02/2012,61
10/02/2012,86
13/02/2012,47
14/02/2012,03
15/02/2012,49
16/02/2012,29
17/02/2012,33
20/02/2012,28
21/02/2012,29
22/02/2012,45
23/02/2012,89
24/02/2012,99
27/02/2012,53
28/02/2012,88
29/02/2012,67
02/03/2012,81
02/03/2012,82
05/03/2012,39
06/03/2012,12
08/03/2012,29
09/03/2012,05
13/03/2012,62
14/03/2012,67
15/03/2012,05
16/03/2012,29
19/03/2012,26
20/03/2012,69
21/03/2012,91
22/03/2012,40
23/03/2012,87
26/03/2012,29
27/03/2012,94
28/03/2012,79
29/03/2012,58
30/03/2012,56
02/04/2012,59
03/04/2012,08
04/04/2012,40
05/04/2012,08
10/04/2012,26
11/04/2012,35
12/04/2012,03
13/04/2012,69
17/04/2012,74
18/04/2012,53
19/04/2012,84
20/04/2012,40
23/04/2012,24
24/04/2012,83
25/04/2012,71
25/04/2012,72
26/04/2012,84
27/04/2012,84
30/04/2012,78
02/05/2012,08
03/05/2012,87
04/05/2012,36
07/05/2012,57
08/05/2012,28
09/05/2012,97
10/05/2012,02
11/05/2012,78
14/05/2012,75
15/05/2012,78
16/05/2012,06
17/05/2012,44
18/05/2012,13
22/05/2012,59
23/05/2012,25
24/05/2012,65
25/05/2012,13
28/05/2012,58
29/05/2012,43
30/05/2012,22
31/05/2012,05
01/06/2012,54
04/06/2012,39
05/06/2012,57
06/06/2012,65
07/06/2012,53
08/06/2012,95
08/06/2012,96
11/06/2012,48
12/06/2012,99
13/06/2012,99
14/06/2012,78
15/06/2012,03
18/06/2012,05
19/06/2012,13
20/06/2012,88
21/06/2012,57
22/06/2012,14
25/06/2012,50
26/06/2012,44
27/06/2012,81
27/06/2012,82
28/06/2012,30
29/06/2012,99
02/07/2012,69
03/07/2012,13
04/07/2012,78
05/07/2012,73
06/07/2012,14
09/07/2012,68
10/07/2012,25
11/07/2012,20
12/07/2012,53
13/07/2012,24
16/07/2012,36
17/07/2012,89
18/07/2012,02
19/07/2012,20
20/07/2012,20
23/07/2012,36
25/07/2012,57
26/07/2012,02
27/07/2012,89
30/07/2012,99
31/07/2012,94
01/08/2012,58
02/08/2012,92
06/08/2012,32
07/08/2012,85
08/08/2012,78
09/08/2012,02
10/08/2012,49
13/08/2012,01
14/08/2012,14
15/08/2012,89
16/08/2012,66
17/08/2012,59
20/08/2012,91
21/08/2012,16
22/08/2012,62
23/08/2012,89
27/08/2012,88
28/08/2012,47
29/08/2012,00
30/08/2012,87
31/08/2012,35
03/09/2012,76
04/09/2012,66
05/09/2012,35
06/09/2012,00
07/09/2012,60
11/09/2012,50
13/09/2012,21
14/09/2012,25
17/09/2012,12
19/09/2012,36
20/09/2012,24
24/09/2012,57
25/09/2012,98
26/09/2012,27
27/09/2012,60
28/09/2012,73
02/10/2012,06
03/10/2012,77
04/10/2012,04
05/10/2012,41
08/10/2012,16
09/10/2012,35
10/10/2012,99
11/10/2012,92
12/10/2012,24
16/10/2012,77
17/10/2012,79
18/10/2012,60
19/10/2012,40
22/10/2012,05
23/10/2012,70
24/10/2012,44
25/10/2012,30
26/10/2012,66
29/10/2012,01
30/10/2012,94
31/10/2012,74
01/11/2012,40
02/11/2012,11
05/11/2012,53
06/11/2012,66
07/11/2012,35
08/11/2012,18
09/11/2012,91
12/11/2012,68
13/11/2012,56
14/11/2012,95
14/11/2012,96
15/11/2012,80
16/11/2012,54
20/11/2012,87
21/11/2012,91
22/11/2012,19
26/11/2012,71
26/11/2012,72
27/11/2012,00
28/11/2012,03
29/11/2012,52
30/11/2012,19
03/12/2012,99
04/12/2012,08
05/12/2012,22
06/12/2012,02
07/12/2012,51
10/12/2012,97
11/12/2012,19
12/12/2012,53
13/12/2012,45
14/12/2012,14
17/12/2012,81
17/12/2012,82
18/12/2012,15
19/12/2012,64
20/12/2012,35
21/12/2012,14
24/12/2012,06
27/12/2012,39
28/12/2012,05
02/01/2013,89
03/01/2013,41
04/01/2013,41
07/01/2013,25
08/01/2013,87
09/01/2013,50
10/01/2013,35
11/01/2013,68
14/01/2013,65
15/01/2013,27
16/01/2013,99
17/01/2013,25
18/01/2013,87
21/01/2013,52
22/01/2013,24
23/01/2013,88
24/01/2013,65
25/01/2013,34
29/01/2013,22
30/01/2013,02
31/01/2013,75
01/02/2013,17
04/02/2013,98
05/02/2013,59
06/02/2013,31
07/02/2013,80
08/02/2013,99
11/02/2013,97
12/02/2013,91
13/02/2013,58
14/02/2013,43
15/02/2013,17
18/02/2013,49
19/02/2013,19
20/02/2013,09
21/02/2013,20
22/02/2013,15
25/02/2013,49
26/02/2013,93
27/02/2013,03
28/02/2013,54
01/03/2013,61
04/03/2013,66
05/03/2013,46
06/03/2013,74
07/03/2013,83
08/03/2013,50
12/03/2013,15
13/03/2013,21
14/03/2013,64
15/03/2013,94
18/03/2013,14
19/03/2013,33
20/03/2013,21
21/03/2013,93
22/03/2013,01
25/03/2013,10
26/03/2013,63
27/03/2013,46
28/03/2013,20
02/04/2013,18
03/04/2013,81
03/04/2013,82
05/04/2013,84
08/04/2013,71
08/04/2013,72
09/04/2013,22
10/04/2013,60
11/04/2013,24
15/04/2013,23
16/04/2013,69
17/04/2013,93
18/04/2013,60
19/04/2013,26
22/04/2013,89
23/04/2013,05
24/04/2013,90
25/04/2013,48
26/04/2013,04
29/04/2013,04
30/04/2013,11
02/05/2013,71
02/05/2013,72
03/05/2013,21
06/05/2013,93
07/05/2013,07
08/05/2013,25
09/05/2013,39
10/05/2013,85
13/05/2013,43
14/05/2013,78
15/05/2013,08
16/05/2013,45
17/05/2013,46
20/05/2013,79
21/05/2013,29
22/05/2013,22
23/05/2013,27
24/05/2013,74
28/05/2013,52
29/05/2013,36
30/05/2013,81
30/05/2013,82
31/05/2013,36
03/06/2013,12
04/06/2013,50
05/06/2013,68
06/06/2013,65
07/06/2013,86
10/06/2013,33
11/06/2013,10
12/06/2013,99
13/06/2013,49
14/06/2013,71
14/06/2013,72
17/06/2013,23
19/06/2013,38
20/06/2013,86
24/06/2013,06
25/06/2013,43
26/06/2013,87
27/06/2013,67
28/06/2013,53
01/07/2013,24
02/07/2013,74
03/07/2013,71
03/07/2013,72
04/07/2013,50
05/07/2013,54
08/07/2013,79
09/07/2013,48
10/07/2013,28
11/07/2013,91
12/07/2013,99
15/07/2013,76
16/07/2013,30
17/07/2013,37
18/07/2013,07
19/07/2013,02
22/07/2013,42
23/07/2013,64
24/07/2013,94
25/07/2013,14
26/07/2013,61
29/07/2013,03
30/07/2013,67
31/07/2013,38
01/08/2013,02
02/08/2013,04
05/08/2013,66
06/08/2013,30
07/08/2013,78
08/08/2013,62
12/08/2013,13
13/08/2013,66
14/08/2013,97
15/08/2013,28
16/08/2013,38
19/08/2013,03
20/08/2013,79
21/08/2013,22
22/08/2013,75
26/08/2013,20
27/08/2013,95
27/08/2013,96
28/08/2013,07
29/08/2013,84
30/08/2013,08
02/09/2013,93
03/09/2013,58
04/09/2013,32
05/09/2013,94
06/09/2013,90
09/09/2013,26
11/09/2013,67
12/09/2013,52
13/09/2013,28
16/09/2013,85
17/09/2013,07
18/09/2013,97
19/09/2013,77
20/09/2013,68
23/09/2013,50
24/09/2013,70
25/09/2013,70
26/09/2013,75
27/09/2013,04
30/09/2013,00
01/10/2013,03
02/10/2013,64
03/10/2013,04
04/10/2013,58
07/10/2013,60
08/10/2013,84
09/10/2013,77
10/10/2013,57
11/10/2013,32
15/10/2013,33
16/10/2013,28
17/10/2013,36
18/10/2013,67
21/10/2013,02
22/10/2013,59
23/10/2013,86
24/10/2013,71
24/10/2013,72
25/10/2013,85
28/10/2013,05
29/10/2013,35
30/10/2013,47
31/10/2013,91
01/11/2013,62
04/11/2013,89
05/11/2013,31
07/11/2013,92
08/11/2013,02
11/11/2013,74
12/11/2013,09
13/11/2013,49
14/11/2013,66
15/11/2013,14
18/11/2013,68
20/11/2013,40
22/11/2013,69
25/11/2013,78
26/11/2013,78
27/11/2013,46
28/11/2013,58
29/11/2013,70
02/12/2013,22
03/12/2013,67
04/12/2013,01
05/12/2013,39
06/12/2013,70
09/12/2013,89
10/12/2013,26
11/12/2013,66
12/12/2013,92
13/12/2013,35
16/12/2013,42
18/12/2013,23
19/12/2013,13
20/12/2013,58
23/12/2013,26
24/12/2013,60
27/12/2013,87
30/12/2013,23
31/12/2013,09
02/01/2014,75
06/01/2014,22
07/01/2014,74
09/01/2014,06
10/01/2014,48
13/01/2014,61
14/01/2014,02
15/01/2014,93
16/01/2014,59
17/01/2014,41
20/01/2014,80
21/01/2014,25
23/01/2014,95
23/01/2014,96
24/01/2014,23
27/01/2014,15
28/01/2014,28
29/01/2014,50
30/01/2014,34
31/01/2014,02
03/02/2014,76
04/02/2014,88
05/02/2014,09
06/02/2014,50
07/02/2014,06
10/02/2014,79
11/02/2014,41
12/02/2014,79
13/02/2014,02
14/02/2014,04
17/02/2014,41
18/02/2014,46
19/02/2014,26
20/02/2014,92
21/02/2014,73
24/02/2014,37
25/02/2014,03
26/02/2014,01
27/02/2014,57
28/02/2014,80
03/03/2014,14
04/03/2014,10
05/03/2014,78
06/03/2014,57
07/03/2014,94
11/03/2014,52
12/03/2014,02
13/03/2014,02
14/03/2014,74
17/03/2014,46
18/03/2014,48
19/03/2014,63
20/03/2014,36
21/03/2014,39
24/03/2014,71
24/03/2014,72
25/03/2014,02
26/03/2014,77
27/03/2014,41
28/03/2014,54
31/03/2014,74
01/04/2014,45
03/04/2014,15
04/04/2014,33
08/04/2014,44
09/04/2014,60
10/04/2014,73
11/04/2014,81
11/04/2014,82
14/04/2014,06
15/04/2014,48
16/04/2014,54
17/04/2014,08
22/04/2014,02
23/04/2014,46
24/04/2014,62
25/04/2014,12
28/04/2014,12
29/04/2014,49
30/04/2014,51
02/05/2014,21
05/05/2014,42
06/05/2014,35
07/05/2014,29
08/05/2014,67
09/05/2014,18
12/05/2014,68
13/05/2014,12
14/05/2014,91
16/05/2014,84
19/05/2014,40
20/05/2014,16
21/05/2014,59
22/05/2014,81
22/05/2014,82
23/05/2014,32
27/05/2014,76
28/05/2014,92
29/05/2014,34
30/05/2014,83
02/06/2014,12
03/06/2014,93
04/06/2014,89
05/06/2014,51
06/06/2014,27
09/06/2014,63
10/06/2014,59
11/06/2014,23
12/06/2014,99
13/06/2014,40
16/06/2014,58
17/06/2014,13
18/06/2014,62
19/06/2014,93
20/06/2014,11
24/06/2014,24
25/06/2014,99
26/06/2014,35
27/06/2014,19
30/06/2014,15
01/07/2014,98
02/07/2014,08
03/07/2014,34
04/07/2014,69
07/07/2014,67
08/07/2014,76
09/07/2014,18
10/07/2014,65
11/07/2014,42
14/07/2014,23
15/07/2014,48
16/07/2014,92
17/07/2014,41
18/07/2014,58
21/07/2014,99
22/07/2014,26
23/07/2014,15
24/07/2014,15
25/07/2014,06
28/07/2014,17
29/07/2014,24
30/07/2014,33
31/07/2014,74
01/08/2014,35
04/08/2014,94
05/08/2014,73
06/08/2014,86
07/08/2014,54
08/08/2014,20
11/08/2014,30
12/08/2014,95
12/08/2014,96
13/08/2014,98
14/08/2014,49
15/08/2014,67
18/08/2014,30
19/08/2014,43
20/08/2014,65
21/08/2014,00
22/08/2014,94
25/08/2014,22
26/08/2014,36
27/08/2014,33
28/08/2014,81
28/08/2014,82
29/08/2014,68
01/09/2014,66
02/09/2014,88
03/09/2014,17
04/09/2014,09
05/09/2014,38
08/09/2014,24
09/09/2014,64
11/09/2014,73
12/09/2014,24
15/09/2014,29
16/09/2014,00
17/09/2014,60
18/09/2014,99
19/09/2014,02
23/09/2014,04
24/09/2014,61
25/09/2014,90
26/09/2014,95
26/09/2014,96
29/09/2014,69
30/09/2014,74
01/10/2014,70
03/10/2014,70
06/10/2014,93
07/10/2014,27
08/10/2014,99
09/10/2014,54
10/10/2014,37
14/10/2014,39
15/10/2014,35
16/10/2014,23
17/10/2014,08
20/10/2014,57
21/10/2014,21
22/10/2014,94
23/10/2014,77
24/10/2014,55
27/10/2014,00
28/10/2014,16
29/10/2014,33
30/10/2014,52
31/10/2014,87
03/11/2014,52
04/11/2014,85
05/11/2014,42
06/11/2014,18
07/11/2014,80
10/11/2014,33
11/11/2014,89
12/11/2014,40
13/11/2014,85
14/11/2014,49
17/11/2014,65
18/11/2014,22
20/11/2014,61
21/11/2014,80
24/11/2014,93
25/11/2014,43
26/11/2014,67
27/11/2014,65
28/11/2014,99
01/12/2014,52
02/12/2014,16
03/12/2014,38
04/12/2014,31
05/12/2014,85
08/12/2014,61
09/12/2014,86
10/12/2014,71
10/12/2014,72
11/12/2014,32
12/12/2014,21
15/12/2014,66
16/12/2014,24
17/12/2014,23
18/12/2014,59
19/12/2014,91
23/12/2014,87
24/12/2014,15
29/12/2014,24
30/12/2014,27
31/12/2014,22
02/01/2015,85
05/01/2015,78
06/01/2015,73
07/01/2015,28
08/01/2015,94
09/01/2015,00
12/01/2015,41
13/01/2015,05
15/01/2015,94
16/01/2015,26
19/01/2015,92
20/01/2015,93
21/01/2015,66
22/01/2015,68
23/01/2015,51
26/01/2015,90
27/01/2015,87
28/01/2015,69
29/01/2015,63
30/01/2015,99
02/02/2015,00
03/02/2015,32
04/02/2015,81
04/02/2015,82
05/02/2015,11
06/02/2015,35
09/02/2015,30
10/02/2015,12
11/02/2015,51
12/02/2015,76
13/02/2015,39
16/02/2015,42
17/02/2015,99
18/02/2015,60
19/02/2015,66
20/02/2015,86
23/02/2015,12
24/02/2015,73
25/02/2015,18
26/02/2015,61
27/02/2015,30
02/03/2015,08
03/03/2015,53
04/03/2015,12
05/03/2015,38
06/03/2015,15
10/03/2015,97
11/03/2015,75
12/03/2015,89
13/03/2015,47
16/03/2015,02
17/03/2015,64
18/03/2015,97
19/03/2015,02
20/03/2015,38
23/03/2015,26
24/03/2015,37
25/03/2015,59
26/03/2015,54
27/03/2015,30
30/03/2015,68
31/03/2015,12
01/04/2015,89
02/04/2015,54
07/04/2015,33
08/04/2015,59
09/04/2015,22
10/04/2015,44
13/04/2015,47
14/04/2015,56
15/04/2015,59
16/04/2015,63
17/04/2015,08
20/04/2015,07
21/04/2015,86
22/04/2015,50
23/04/2015,35
24/04/2015,69
27/04/2015,80
28/04/2015,17
29/04/2015,70
30/04/2015,04
04/05/2015,87
05/05/2015,65
06/05/2015,49
07/05/2015,25
08/05/2015,73
11/05/2015,30
12/05/2015,57
13/05/2015,98
14/05/2015,61
15/05/2015,45
18/05/2015,73
19/05/2015,17
20/05/2015,40
21/05/2015,76
22/05/2015,37
26/05/2015,99
27/05/2015,58
28/05/2015,46
29/05/2015,34
01/06/2015,01
02/06/2015,23
03/06/2015,16
04/06/2015,97
05/06/2015,75
08/06/2015,87
09/06/2015,22
10/06/2015,29
11/06/2015,05
12/06/2015,44
15/06/2015,73
16/06/2015,67
17/06/2015,87
18/06/2015,51
19/06/2015,07
22/06/2015,24
23/06/2015,01
24/06/2015,66
25/06/2015,53
26/06/2015,34
30/06/2015,98
01/07/2015,74
02/07/2015,80
03/07/2015,67
06/07/2015,94
07/07/2015,31
08/07/2015,53
09/07/2015,59
10/07/2015,80
13/07/2015,77
14/07/2015,95
14/07/2015,96
15/07/2015,80
16/07/2015,76
17/07/2015,86
20/07/2015,39
21/07/2015,08
22/07/2015,44
23/07/2015,19
24/07/2015,91
27/07/2015,75
28/07/2015,70
29/07/2015,13
30/07/2015,85
31/07/2015,67
03/08/2015,94
04/08/2015,68
05/08/2015,49
07/08/2015,27
10/08/2015,89
11/08/2015,92
12/08/2015,66
13/08/2015,83
14/08/2015,43
17/08/2015,19
18/08/2015,08
19/08/2015,12
20/08/2015,48
21/08/2015,53
24/08/2015,05
25/08/2015,15
26/08/2015,24
27/08/2015,23
28/08/2015,60
31/08/2015,69
01/09/2015,56
02/09/2015,31
03/09/2015,73
04/09/2015,89
07/09/2015,22
08/09/2015,36
09/09/2015,60
11/09/2015,43
14/09/2015,39
15/09/2015,07
16/09/2015,73
17/09/2015,70
18/09/2015,10
22/09/2015,13
23/09/2015,22
24/09/2015,05
25/09/2015,83
28/09/2015,80
29/09/2015,86
30/09/2015,54
01/10/2015,67
02/10/2015,14
05/10/2015,05
06/10/2015,89
07/10/2015,94
08/10/2015,67
09/10/2015,46
13/10/2015,56
14/10/2015,23
15/10/2015,97
16/10/2015,29
19/10/2015,05
20/10/2015,59
21/10/2015,23
22/10/2015,63
23/10/2015,15
26/10/2015,53
27/10/2015,87
28/10/2015,55
29/10/2015,24
30/10/2015,69
02/11/2015,40
03/11/2015,09
04/11/2015,09
05/11/2015,71
05/11/2015,72
09/11/2015,67
10/11/2015,31
11/11/2015,11
12/11/2015,66
13/11/2015,49
16/11/2015,55
17/11/2015,24
18/11/2015,17
20/11/2015,73
23/11/2015,81
23/11/2015,82
24/11/2015,79
25/11/2015,87
26/11/2015,04
27/11/2015,26
30/11/2015,67
01/12/2015,89
02/12/2015,81
02/12/2015,82
03/12/2015,17
04/12/2015,46
08/12/2015,19
09/12/2015,39
10/12/2015,83
11/12/2015,80
14/12/2015,20
15/12/2015,46
16/12/2015,19
17/12/2015,86
18/12/2015,04
21/12/2015,56
22/12/2015,88
23/12/2015,22
24/12/2015,20
28/12/2015,14
29/12/2015,68
30/12/2015,85
31/12/2015,66
05/01/2016,30
06/01/2016,24
07/01/2016,00
11/01/2016,06
12/01/2016,06
13/01/2016,38
14/01/2016,16
15/01/2016,45
18/01/2016,52
19/01/2016,75
20/01/2016,44
21/01/2016,20
22/01/2016,56
25/01/2016,90
26/01/2016,41
27/01/2016,10
28/01/2016,46
29/01/2016,08
01/02/2016,26
02/02/2016,79
03/02/2016,33
04/02/2016,00
05/02/2016,06
08/02/2016,33
09/02/2016,10
10/02/2016,24
11/02/2016,12
12/02/2016,33
15/02/2016,59
17/02/2016,42
18/02/2016,73
19/02/2016,07
22/02/2016,30
23/02/2016,20
24/02/2016,68
25/02/2016,21
26/02/2016,71
26/02/2016,72
29/02/2016,79
01/03/2016,70
02/03/2016,87
03/03/2016,94
04/03/2016,49
07/03/2016,00
08/03/2016,05
09/03/2016,56
10/03/2016,36
11/03/2016,30
14/03/2016,00
15/03/2016,26
16/03/2016,00
17/03/2016,83
18/03/2016,69
21/03/2016,15
22/03/2016,39
23/03/2016,97
24/03/2016,64
29/03/2016,22
30/03/2016,57
31/03/2016,43
01/04/2016,04
04/04/2016,26
05/04/2016,05
06/04/2016,33
08/04/2016,79
11/04/2016,36
12/04/2016,01
13/04/2016,60
15/04/2016,73
18/04/2016,40
19/04/2016,91
20/04/2016,32
22/04/2016,74
25/04/2016,52
26/04/2016,61
27/04/2016,24
28/04/2016,39
29/04/2016,04
03/05/2016,65
04/05/2016,33
05/05/2016,16
06/05/2016,63
09/05/2016,30
10/05/2016,17
11/05/2016,29
12/05/2016,31
13/05/2016,13
16/05/2016,81
16/05/2016,82
17/05/2016,68
18/05/2016,60
19/05/2016,42
20/05/2016,16
24/05/2016,62
25/05/2016,26
26/05/2016,88
27/05/2016,74
30/05/2016,58
31/05/2016,87
01/06/2016,95
01/06/2016,96
02/06/2016,08
03/06/2016,36
06/06/2016,22
07/06/2016,30
08/06/2016,79
09/06/2016,99
10/06/2016,19
13/06/2016,69
14/06/2016,33
15/06/2016,23
16/06/2016,15
17/06/2016,02
20/06/2016,69
21/06/2016,25
22/06/2016,16
23/06/2016,57
24/06/2016,77
27/06/2016,68
28/06/2016,19
29/06/2016,98
30/06/2016,88
01/07/2016,54
04/07/2016,56
05/07/2016,51
06/07/2016,39
07/07/2016,77
11/07/2016,83
12/07/2016,67
13/07/2016,46
14/07/2016,06
15/07/2016,33
18/07/2016,34
19/07/2016,12
20/07/2016,50
21/07/2016,08
22/07/2016,54
25/07/2016,24
26/07/2016,53
27/07/2016,14
28/07/2016,22
29/07/2016,92
01/08/2016,35
02/08/2016,35
03/08/2016,77
04/08/2016,01
05/08/2016,01
08/08/2016,31
09/08/2016,28
10/08/2016,89
11/08/2016,76
12/08/2016,14
15/08/2016,14
16/08/2016,17
17/08/2016,32
18/08/2016,73
19/08/2016,54
22/08/2016,29
23/08/2016,52
24/08/2016,20
25/08/2016,36
26/08/2016,89
29/08/2016,03
30/08/2016,38
31/08/2016,00
01/09/2016,95
01/09/2016,96
02/09/2016,12
05/09/2016,06
07/09/2016,48
08/09/2016,35
09/09/2016,85
12/09/2016,76
13/09/2016,00
14/09/2016,91
15/09/2016,49
16/09/2016,28
19/09/2016,94
20/09/2016,22
22/09/2016,73
23/09/2016,41
26/09/2016,31
27/09/2016,69
28/09/2016,00
29/09/2016,28
30/09/2016,33
03/10/2016,45
04/10/2016,53
05/10/2016,47
06/10/2016,67
07/10/2016,93
11/10/2016,80
12/10/2016,98
13/10/2016,12
14/10/2016,73
17/10/2016,90
18/10/2016,36
19/10/2016,54
20/10/2016,51
21/10/2016,37
24/10/2016,10
25/10/2016,67
26/10/2016,88
27/10/2016,46
28/10/2016,47
31/10/2016,34
01/11/2016,65
02/11/2016,50
03/11/2016,03
04/11/2016,51
07/11/2016,04
08/11/2016,10
09/11/2016,88
10/11/2016,30
11/11/2016,12
14/11/2016,64
15/11/2016,50
16/11/2016,70
17/11/2016,19
18/11/2016,88
21/11/2016,75
22/11/2016,83
23/11/2016,15
24/11/2016,65
25/11/2016,59
28/11/2016,99
29/11/2016,81
29/11/2016,82
30/11/2016,03
01/12/2016,64
02/12/2016,64
05/12/2016,22
06/12/2016,56
07/12/2016,81
07/12/2016,82
08/12/2016,52
09/12/2016,18
12/12/2016,31
13/12/2016,11
14/12/2016,47
15/12/2016,37
16/12/2016,39
19/12/2016,68
20/12/2016,37
21/12/2016,11
22/12/2016,34
23/12/2016,35
28/12/2016,06
29/12/2016,04
30/12/2016,49
03/01/2017,34
04/01/2017,06
06/01/2017,45
09/01/2017,51
10/01/2017,29
11/01/2017,26
12/01/2017,68
16/01/2017,91
17/01/2017,98
18/01/2017,98
19/01/2017,17
20/01/2017,89
23/01/2017,30
24/01/2017,89
25/01/2017,08
26/01/2017,29
27/01/2017,04
30/01/2017,07
31/01/2017,23
01/02/2017,30
02/02/2017,01
03/02/2017,56
06/02/2017,16
07/02/2017,12
08/02/2017,13
09/02/2017,23
10/02/2017,83
13/02/2017,61
14/02/2017,32
15/02/2017,30
17/02/2017,59
20/02/2017,75
21/02/2017,22
22/02/2017,87
23/02/2017,85
24/02/2017,65
27/02/2017,80
28/02/2017,69
01/03/2017,45
02/03/2017,39
03/03/2017,37
07/03/2017,54
08/03/2017,53
09/03/2017,83
10/03/2017,69
13/03/2017,56
14/03/2017,08
15/03/2017,17
16/03/2017,07
17/03/2017,81
17/03/2017,82
20/03/2017,73
21/03/2017,47
22/03/2017,06
23/03/2017,10
24/03/2017,74
27/03/2017,04
28/03/2017,16
29/03/2017,51
30/03/2017,14
31/03/2017,81
31/03/2017,82
03/04/2017,14
04/04/2017,26
05/04/2017,35
07/04/2017,95
07/04/2017,96
10/04/2017,41
11/04/2017,30
12/04/2017,09
13/04/2017,05
18/04/2017,77
19/04/2017,53
20/04/2017,13
21/04/2017,27
24/04/2017,32
25/04/2017,31
26/04/2017,95
26/04/2017,96
27/04/2017,69
28/04/2017,63
02/05/2017,05
03/05/2017,25
04/05/2017,45
05/05/2017,90
08/05/2017,53
09/05/2017,46
10/05/2017,87
11/05/2017,11
12/05/2017,19
15/05/2017,70
17/05/2017,70
18/05/2017,83
19/05/2017,07
23/05/2017,59
24/05/2017,43
25/05/2017,55
26/05/2017,10
29/05/2017,20
30/05/2017,64
31/05/2017,57
01/06/2017,43
02/06/2017,81
02/06/2017,82
05/06/2017,06
06/06/2017,43
07/06/2017,12
08/06/2017,48
09/06/2017,97
12/06/2017,87
13/06/2017,33
14/06/2017,65
15/06/2017,48
16/06/2017,28
19/06/2017,57
20/06/2017,37
21/06/2017,63
22/06/2017,06
26/06/2017,58
27/06/2017,99
28/06/2017,75
29/06/2017,50
30/06/2017,90
03/07/2017,95
03/07/2017,96
04/07/2017,89
05/07/2017,02
06/07/2017,31
07/07/2017,94
10/07/2017,55
11/07/2017,53
12/07/2017,55
13/07/2017,74
14/07/2017,51
17/07/2017,89
18/07/2017,98
19/07/2017,54
20/07/2017,84
21/07/2017,25
24/07/2017,02
25/07/2017,30
26/07/2017,42
27/07/2017,76
28/07/2017,98
31/07/2017,20
01/08/2017,46
02/08/2017,27
03/08/2017,65
04/08/2017,12
07/08/2017,99
08/08/2017,40
09/08/2017,22
10/08/2017,71
10/08/2017,72
11/08/2017,07
14/08/2017,52
15/08/2017,03
16/08/2017,12
17/08/2017,58
18/08/2017,37
21/08/2017,87
22/08/2017,24
23/08/2017,06
24/08/2017,17
25/08/2017,11
28/08/2017,90
29/08/2017,88
30/08/2017,64
31/08/2017,54
01/09/2017,28
04/09/2017,73
05/09/2017,83
06/09/2017,57
07/09/2017,38
08/09/2017,67
12/09/2017,90
13/09/2017,98
14/09/2017,88
15/09/2017,60
18/09/2017,76
19/09/2017,77
20/09/2017,99
22/09/2017,45
25/09/2017,86
26/09/2017,48
27/09/2017,23
28/09/2017,29
29/09/2017,10
02/10/2017,70
03/10/2017,94
04/10/2017,41
05/10/2017,07
06/10/2017,25
10/10/2017,69
11/10/2017,81
11/10/2017,82
12/10/2017,75
13/10/2017,12
16/10/2017,13
17/10/2017,44
18/10/2017,85
19/10/2017,03
20/10/2017,97
23/10/2017,94
24/10/2017,68
25/10/2017,69
26/10/2017,95
26/10/2017,96
27/10/2017,87
30/10/2017,24
31/10/2017,68
01/11/2017,60
02/11/2017,17
03/11/2017,00
06/11/2017,59
07/11/2017,48
08/11/2017,87
09/11/2017,48
10/11/2017,46
13/11/2017,62
14/11/2017,63
15/11/2017,56
16/11/2017,86
17/11/2017,07
21/11/2017,28
22/11/2017,34
23/11/2017,93
24/11/2017,26
27/11/2017,10
28/11/2017,05
29/11/2017,18
30/11/2017,67
01/12/2017,93
04/12/2017,15
05/12/2017,44
07/12/2017,53
08/12/2017,36
11/12/2017,79
12/12/2017,51
13/12/2017,73
14/12/2017,27
15/12/2017,05
18/12/2017,70
19/12/2017,80
20/12/2017,64
21/12/2017,93
22/12/2017,22
27/12/2017,44
28/12/2017,73
29/12/2017,33
02/01/2018,06
03/01/2018,95
03/01/2018,96
04/01/2018,19
05/01/2018,86
08/01/2018,20
09/01/2018,83
10/01/2018,55
11/01/2018,67
12/01/2018,47
15/01/2018,28
16/01/2018,17
17/01/2018,27
18/01/2018,18
19/01/2018,25
22/01/2018,74
23/01/2018,88
24/01/2018,28
25/01/2018,16
26/01/2018,27
29/01/2018,41
30/01/2018,60
31/01/2018,64
01/02/2018,57
02/02/2018,75
05/02/2018,16
06/02/2018,68
07/02/2018,71
07/02/2018,72
08/02/2018,00
09/02/2018,30
12/02/2018,86
13/02/2018,46
14/02/2018,43
15/02/2018,34
16/02/2018,76
19/02/2018,59
20/02/2018,49
21/02/2018,94
23/02/2018,52
26/02/2018,59
27/02/2018,69
28/02/2018,80
01/03/2018,11
02/03/2018,71
02/03/2018,72
05/03/2018,62
06/03/2018,04
07/03/2018,20
08/03/2018,85
09/03/2018,34
13/03/2018,98
14/03/2018,91
15/03/2018,46
16/03/2018,32
19/03/2018,22
20/03/2018,63
21/03/2018,08
22/03/2018,36
23/03/2018,27
26/03/2018,73
27/03/2018,17
28/03/2018,65
29/03/2018,57
03/04/2018,39
04/04/2018,17
05/04/2018,56
06/04/2018,27
09/04/2018,87
10/04/2018,05
11/04/2018,94
12/04/2018,98
13/04/2018,40
16/04/2018,24
17/04/2018,04
18/04/2018,86
20/04/2018,80
23/04/2018,80
24/04/2018,48
25/04/2018,95
25/04/2018,96
26/04/2018,30
27/04/2018,57
30/04/2018,04
02/05/2018,58
03/05/2018,65
04/05/2018,58
07/05/2018,89
08/05/2018,66
09/05/2018,68
10/05/2018,80
11/05/2018,01
14/05/2018,49
15/05/2018,27
16/05/2018,52
17/05/2018,56
18/05/2018,00
22/05/2018,21
23/05/2018,88
24/05/2018,02
25/05/2018,26
28/05/2018,16
29/05/2018,57
30/05/2018,62
31/05/2018,84
01/06/2018,64
04/06/2018,07
05/06/2018,98
06/06/2018,13
07/06/2018,44
08/06/2018,52
11/06/2018,54
12/06/2018,63
13/06/2018,38
14/06/2018,48
15/06/2018,74
18/06/2018,86
19/06/2018,29
20/06/2018,98
21/06/2018,64
25/06/2018,43
26/06/2018,06
27/06/2018,75
28/06/2018,52
29/06/2018,62
02/07/2018,67
03/07/2018,63
04/07/2018,81
04/07/2018,82
05/07/2018,05
06/07/2018,56
09/07/2018,15
10/07/2018,23
11/07/2018,33
12/07/2018,10
13/07/2018,89
16/07/2018,98
17/07/2018,22
18/07/2018,84
19/07/2018,97
20/07/2018,07
23/07/2018,89
24/07/2018,63
25/07/2018,76
27/07/2018,49
31/07/2018,40
01/08/2018,61
02/08/2018,87
03/08/2018,16
06/08/2018,15
07/08/2018,23
08/08/2018,49
09/08/2018,76
10/08/2018,50
13/08/2018,49
14/08/2018,83
16/08/2018,85
17/08/2018,34
20/08/2018,49
21/08/2018,85
22/08/2018,70
23/08/2018,32
24/08/2018,33
27/08/2018,61
28/08/2018,24
29/08/2018,79
30/08/2018,49
31/08/2018,48
03/09/2018,15
04/09/2018,59
05/09/2018,42
07/09/2018,78
11/09/2018,87
12/09/2018,57
13/09/2018,55
14/09/2018,29
17/09/2018,84
18/09/2018,56
19/09/2018,88
20/09/2018,70
24/09/2018,37
25/09/2018,71
25/09/2018,72
26/09/2018,71
26/09/2018,72
27/09/2018,76
28/09/2018,34
01/10/2018,19
02/10/2018,20
03/10/2018,45
04/10/2018,42
05/10/2018,06
08/10/2018,23
09/10/2018,87
10/10/2018,89
11/10/2018,65
12/10/2018,39
16/10/2018,23
18/10/2018,80
19/10/2018,70
22/10/2018,86
23/10/2018,53
24/10/2018,52
25/10/2018,90
26/10/2018,55
29/10/2018,77
30/10/2018,83
31/10/2018,36
01/11/2018,48
02/11/2018,09
06/11/2018,00
07/11/2018,86
08/11/2018,60
09/11/2018,92
12/11/2018,50
13/11/2018,64
14/11/2018,50
16/11/2018,11
20/11/2018,06
21/11/2018,60
22/11/2018,25
23/11/2018,93
26/11/2018,67
27/11/2018,38
28/11/2018,03
29/11/2018,93
30/11/2018,19
03/12/2018,30
04/12/2018,25
06/12/2018,80
07/12/2018,03
10/12/2018,02
11/12/2018,46
12/12/2018,70
13/12/2018,50
14/12/2018,85
15/12/2018,03
17/12/2018,97
18/12/2018,40
19/12/2018,42
20/12/2018,91
21/12/2018,19
24/12/2018,23
27/12/2018,14
28/12/2018,68
31/12/2018,27
02/01/2019,30
03/01/2019,88
04/01/2019,42
07/01/2019,93
08/01/2019,84
09/01/2019,42
10/01/2019,45
11/01/2019,89
14/01/2019,48
15/01/2019,60
16/01/2019,08
17/01/2019,74
18/01/2019,83
21/01/2019,81
21/01/2019,82
22/01/2019,89
23/01/2019,30
24/01/2019,28
25/01/2019,71
25/01/2019,72
28/01/2019,70
29/01/2019,94
30/01/2019,42
01/02/2019,68
04/02/2019,85
05/02/2019,00
06/02/2019,08
07/02/2019,87
08/02/2019,21
11/02/2019,03
12/02/2019,76
14/02/2019,20
15/02/2019,75
18/02/2019,15
19/02/2019,98
20/02/2019,44
21/02/2019,65
22/02/2019,99
25/02/2019,09
26/02/2019,01
27/02/2019,76
28/02/2019,23
01/03/2019,33
04/03/2019,23
05/03/2019,92
06/03/2019,67
07/03/2019,31
08/03/2019,02
12/03/2019,07
13/03/2019,74
14/03/2019,28
15/03/2019,21
18/03/2019,37
19/03/2019,08
20/03/2019,67
21/03/2019,92
22/03/2019,13
25/03/2019,27
27/03/2019,95
27/03/2019,96
28/03/2019,43
29/03/2019,79
01/04/2019,23
02/04/2019,64
03/04/2019,17
04/04/2019,01
05/04/2019,64
08/04/2019,34
09/04/2019,10
10/04/2019,81
10/04/2019,82
11/04/2019,76
12/04/2019,36
15/04/2019,40
16/04/2019,44
17/04/2019,50
18/04/2019,17
23/04/2019,11
24/04/2019,79
25/04/2019,10
26/04/2019,14
29/04/2019,49
30/04/2019,23
02/05/2019,50
03/05/2019,53
06/05/2019,35
07/05/2019,34
08/05/2019,65
09/05/2019,47
10/05/2019,70
13/05/2019,07
14/05/2019,83
15/05/2019,41
16/05/2019,64
20/05/2019,13
21/05/2019,74
22/05/2019,87
23/05/2019,85
24/05/2019,42
28/05/2019,01
29/05/2019,59
30/05/2019,98
31/05/2019,97
03/06/2019,35
04/06/2019,41
05/06/2019,55
06/06/2019,74
07/06/2019,01
10/06/2019,64
11/06/2019,89
12/06/2019,56
13/06/2019,75
14/06/2019,61
17/06/2019,77
18/06/2019,65
19/06/2019,49
20/06/2019,13
21/06/2019,63
24/06/2019,91
25/06/2019,67
26/06/2019,64
27/06/2019,91
28/06/2019,80
01/07/2019,33
02/07/2019,78
03/07/2019,47
04/07/2019,85
05/07/2019,54
08/07/2019,28
09/07/2019,76
10/07/2019,45
11/07/2019,00
12/07/2019,05
15/07/2019,19
16/07/2019,17
17/07/2019,44
18/07/2019,29
19/07/2019,68
22/07/2019,18
23/07/2019,97
24/07/2019,27
25/07/2019,34
26/07/2019,88
29/07/2019,07
30/07/2019,91
31/07/2019,85
01/08/2019,63
02/08/2019,44
05/08/2019,74
06/08/2019,85
07/08/2019,31
08/08/2019,90
09/08/2019,74
12/08/2019,13
13/08/2019,18
14/08/2019,80
15/08/2019,87
16/08/2019,78
19/08/2019,88
20/08/2019,29
21/08/2019,05
22/08/2019,84
23/08/2019,49
26/08/2019,68
27/08/2019,78
28/08/2019,14
29/08/2019,34
30/08/2019,41
02/09/2019,86
03/09/2019,09
04/09/2019,09
05/09/2019,85
06/09/2019,26
09/09/2019,15
11/09/2019,81
11/09/2019,82
12/09/2019,07
13/09/2019,17
16/09/2019,36
17/09/2019,78
18/09/2019,55
19/09/2019,32
20/09/2019,16
24/09/2019,57
25/09/2019,74
26/09/2019,80
27/09/2019,10
30/09/2019,74
01/10/2019,58
02/10/2019,10
03/10/2019,85
04/10/2019,77
07/10/2019,52
08/10/2019,34
09/10/2019,10
10/10/2019,45
11/10/2019,69
15/10/2019,52
16/10/2019,98
17/10/2019,45
21/10/2019,03
22/10/2019,11
23/10/2019,09
24/10/2019,22
25/10/2019,25
29/10/2019,80
30/10/2019,00
31/10/2019,22
01/11/2019,62
04/11/2019,83
05/11/2019,45
06/11/2019,46
07/11/2019,57
08/11/2019,63
11/11/2019,34
12/11/2019,03
13/11/2019,63
14/11/2019,50
15/11/2019,07
18/11/2019,77
21/11/2019,69
22/11/2019,42
25/11/2019,75
26/11/2019,30
27/11/2019,83
28/11/2019,83
29/11/2019,91
02/12/2019,27
03/12/2019,08
04/12/2019,06
05/12/2019,63
06/12/2019,04
09/12/2019,03
10/12/2019,09
11/12/2019,18
12/12/2019,58
13/12/2019,06
16/12/2019,39
17/12/2019,26
18/12/2019,29
19/12/2019,81
19/12/2019,82
20/12/2019,57
23/12/2019,86
24/12/2019,99
27/12/2019,92
30/12/2019,47
31/12/2019,23
02/01/2020,03
03/01/2020,50
06/01/2020,07
07/01/2020,37
08/01/2020,88
09/01/2020,57
13/01/2020,52
14/01/2020,41
15/01/2020,01
16/01/2020,24
17/01/2020,86
20/01/2020,07
21/01/2020,55
22/01/2020,36
23/01/2020,91
24/01/2020,52
27/01/2020,77
28/01/2020,36
29/01/2020,53
30/01/2020,88
31/01/2020,80
03/02/2020,93
04/02/2020,74
05/02/2020,51
06/02/2020,36
07/02/2020,20
10/02/2020,52
11/02/2020,64
12/02/2020,26
13/02/2020,93
14/02/2020,18
17/02/2020,30
18/02/2020,26
20/02/2020,48
21/02/2020,39
24/02/2020,84
25/02/2020,84
26/02/2020,16
27/02/2020,12
28/02/2020,71
28/02/2020,72
02/03/2020,11
03/03/2020,54
04/03/2020,55
05/03/2020,02
06/03/2020,38
10/03/2020,31
11/03/2020,92
12/03/2020,69
13/03/2020,32
16/03/2020,03
17/03/2020,75
18/03/2020,34
19/03/2020,18
20/03/2020,75
23/03/2020,32
24/03/2020,25
25/03/2020,27
26/03/2020,31
27/03/2020,20
30/03/2020,57
31/03/2020,00
01/04/2020,31
01/06/2020,95
01/06/2020,96
02/06/2020,75
03/06/2020,37
04/06/2020,92
05/06/2020,24
08/06/2020,32
09/06/2020,46
10/06/2020,18
11/06/2020,06
12/06/2020,07
15/06/2020,87
16/06/2020,60
17/06/2020,93
18/06/2020,91
19/06/2020,30
22/06/2020,00
23/06/2020,95
23/06/2020,96
24/06/2020,98
25/06/2020,99
26/06/2020,16
29/06/2020,67
30/06/2020,29
01/07/2020,48
02/07/2020,56
03/07/2020,39
06/07/2020,61
07/07/2020,30
08/07/2020,36
09/07/2020,48
10/07/2020,51
13/07/2020,63
14/07/2020,69
15/07/2020,24
16/07/2020,50
17/07/2020,22
20/07/2020,76
21/07/2020,31
22/07/2020,97
23/07/2020,11
24/07/2020,06
27/07/2020,07
28/07/2020,41
29/07/2020,97
30/07/2020,45
31/07/2020,09
03/08/2020,22
04/08/2020,61
05/08/2020,75
06/08/2020,92
07/08/2020,14
10/08/2020,67
11/08/2020,67
12/08/2020,86
13/08/2020,18
14/08/2020,15
17/08/2020,26
18/08/2020,34
19/08/2020,19
20/08/2020,14
21/08/2020,43
24/08/2020,18
25/08/2020,13
26/08/2020,24
27/08/2020,11
28/08/2020,52
31/08/2020,00
01/09/2020,90
02/09/2020,19
03/09/2020,40
04/09/2020,76
07/09/2020,90
08/09/2020,06
09/09/2020,22
11/09/2020,31
14/09/2020,30
15/09/2020,43
16/09/2020,58
17/09/2020,14
18/09/2020,36
22/09/2020,31
23/09/2020,44
24/09/2020,37
25/09/2020,28
28/09/2020,42
29/09/2020,58
30/09/2020,93
01/10/2020,10
02/10/2020,91
05/10/2020,51
06/10/2020,95
06/10/2020,96
07/10/2020,19
08/10/2020,08
09/10/2020,35
13/10/2020,58
14/10/2020,55
16/10/2020,03
19/10/2020,07
20/10/2020,78
21/10/2020,67
23/10/2020,51
26/10/2020,39
27/10/2020,86
28/10/2020,73
29/10/2020,41
30/10/2020,80
02/11/2020,38
03/11/2020,05
04/11/2020,87
05/11/2020,19
06/11/2020,31
09/11/2020,35
10/11/2020,23
12/11/2020,89
13/11/2020,28
16/11/2020,14
17/11/2020,45
18/11/2020,09
20/11/2020,56
23/11/2020,84
24/11/2020,94
25/11/2020,19
26/11/2020,31
27/11/2020,95
27/11/2020,96
30/11/2020,16
01/12/2020,67
02/12/2020,52
03/12/2020,88
07/12/2020,86
09/12/2020,06
10/12/2020,92
11/12/2020,71
11/12/2020,72
14/12/2020,67
15/12/2020,62
16/12/2020,48
17/12/2020,05
18/12/2020,44
21/12/2020,23
22/12/2020,26
23/12/2020,08
24/12/2020,46
29/12/2020,77
30/12/2020,43
31/12/2020,33
04/01/2021,81
04/01/2021,82
05/01/2021,80
06/01/2021,57
07/01/2021,95
07/01/2021,96
08/01/2021,10
11/01/2021,41
12/01/2021,23
13/01/2021,00
14/01/2021,33
18/01/2021,37
19/01/2021,03
20/01/2021,35
21/01/2021,65
22/01/2021,26
25/01/2021,03
27/01/2021,30
28/01/2021,36
29/01/2021,10
01/02/2021,41
03/02/2021,01
04/02/2021,87
05/02/2021,80
08/02/2021,21
09/02/2021,06
10/02/2021,49
11/02/2021,39
12/02/2021,03
15/02/2021,65
16/02/2021,09
17/02/2021,65
18/02/2021,66
19/02/2021,65
22/02/2021,78
23/02/2021,86
24/02/2021,67
25/02/2021,77
26/02/2021,76
01/03/2021,20
02/03/2021,65
03/03/2021,29
04/03/2021,24
05/03/2021,36
09/03/2021,42
10/03/2021,25
11/03/2021,43
12/03/2021,89
15/03/2021,75
16/03/2021,56
17/03/2021,62
18/03/2021,89
19/03/2021,67
22/03/2021,05
23/03/2021,44
24/03/2021,21
25/03/2021,87
29/03/2021,46
30/03/2021,06
31/03/2021,40
01/04/2021,42
06/04/2021,36
07/04/2021,37
08/04/2021,58
09/04/2021,76
12/04/2021,86
13/04/2021,54
14/04/2021,44
15/04/2021,78
16/04/2021,92
19/04/2021,85
20/04/2021,34
21/04/2021,66
22/04/2021,47
23/04/2021,25
26/04/2021,48
27/04/2021,66
28/04/2021,27
29/04/2021,12
30/04/2021,53
03/05/2021,38
04/05/2021,24
05/05/2021,95
05/05/2021,96
06/05/2021,81
06/05/2021,82
07/05/2021,56
10/05/2021,83
11/05/2021,73
12/05/2021,89
13/05/2021,84
14/05/2021,31
17/05/2021,80
18/05/2021,04
19/05/2021,54
20/05/2021,52
21/05/2021,75
25/05/2021,89
26/05/2021,79
27/05/2021,46
28/05/2021,95
28/05/2021,96
31/05/2021,35
02/06/2021,18
03/06/2021,15
04/06/2021,92
07/06/2021,65
08/06/2021,94
09/06/2021,04
10/06/2021,99
11/06/2021,52
14/06/2021,44
15/06/2021,51
16/06/2021,61
17/06/2021,77
18/06/2021,85
21/06/2021,84
22/06/2021,87
23/06/2021,73
24/06/2021,19
25/06/2021,62
28/06/2021,17
29/06/2021,11
30/06/2021,36
01/07/2021,37
02/07/2021,54
05/07/2021,99
06/07/2021,25
07/07/2021,04
09/07/2021,98
12/07/2021,52
13/07/2021,41
14/07/2021,13
15/07/2021,81
15/07/2021,82
16/07/2021,18
19/07/2021,06
20/07/2021,31
21/07/2021,19
22/07/2021,63
23/07/2021,73
26/07/2021,86
27/07/2021,34
28/07/2021,58
29/07/2021,65
30/07/2021,69
03/08/2021,00
04/08/2021,58
05/08/2021,36
06/08/2021,25
09/08/2021,69
10/08/2021,91
11/08/2021,34
12/08/2021,87
13/08/2021,58
16/08/2021,94
17/08/2021,24
19/08/2021,25
20/08/2021,35
23/08/2021,33
24/08/2021,31
25/08/2021,76
26/08/2021,92
27/08/2021,56
30/08/2021,16
31/08/2021,34
01/09/2021,06
02/09/2021,68
03/09/2021,09
06/09/2021,23
07/09/2021,31
08/09/2021,34
09/09/2021,81
09/09/2021,82
13/09/2021,18
14/09/2021,16
15/09/2021,69
16/09/2021,17
17/09/2021,69
20/09/2021,71
20/09/2021,72
22/09/2021,24
23/09/2021,79
24/09/2021,60
27/09/2021,27
28/09/2021,00
29/09/2021,97
30/09/2021,27
01/10/2021,67
04/10/2021,29
05/10/2021,36
06/10/2021,71
06/10/2021,72
07/10/2021,73
08/10/2021,05
11/10/2021,95
11/10/2021,96
12/10/2021,10
13/10/2021,70
14/10/2021,07
15/10/2021,77
19/10/2021,57
20/10/2021,59
21/10/2021,19
22/10/2021,91
25/10/2021,71
25/10/2021,72
26/10/2021,95
26/10/2021,96
27/10/2021,92
28/10/2021,95
28/10/2021,96
29/10/2021,94
01/11/2021,56
02/11/2021,41
03/11/2021,08
04/11/2021,17
05/11/2021,14
08/11/2021,85
09/11/2021,56
10/11/2021,81
10/11/2021,82
11/11/2021,11
12/11/2021,39
15/11/2021,79
17/11/2021,21
18/11/2021,21
22/11/2021,28
24/11/2021,00
25/11/2021,45
26/11/2021,93
29/11/2021,93
30/11/2021,07
01/12/2021,51
02/12/2021,48
03/12/2021,93
07/12/2021,30
08/12/2021,14
09/12/2021,37
10/12/2021,23
13/12/2021,62
14/12/2021,04
16/12/2021,25
17/12/2021,66
20/12/2021,39
21/12/2021,57
22/12/2021,74
23/12/2021,97
24/12/2021,68
28/12/2021,20
29/12/2021,18
30/12/2021,81
30/12/2021,82
31/12/2021,79
03/01/2022,78
04/01/2022,69
05/01/2022,62
06/01/2022,57
07/01/2022,95
07/01/2022,96
10/01/2022,98
11/01/2022,88
12/01/2022,68
13/01/2022,28
14/01/2022,64
17/01/2022,05
18/01/2022,02
19/01/2022,15
20/01/2022,92
21/01/2022,64
24/01/2022,14
25/01/2022,45
26/01/2022,56
27/01/2022,44
28/01/2022,13
31/01/2022,01
01/02/2022,62
02/02/2022,70
03/02/2022,11
04/02/2022,16
07/02/2022,22
08/02/2022,87
09/02/2022,04
10/02/2022,22
11/02/2022,09
14/02/2022,68
15/02/2022,97
16/02/2022,19
17/02/2022,11
18/02/2022,91
21/02/2022,31
22/02/2022,28
23/02/2022,19
24/02/2022,60
25/02/2022,97
28/02/2022,02
01/03/2022,22
02/03/2022,93
03/03/2022,93
04/03/2022,07
08/03/2022,13
09/03/2022,37
10/03/2022,20
11/03/2022,84
14/03/2022,02
15/03/2022,59
16/03/2022,20
17/03/2022,51
21/03/2022,16
22/03/2022,05
23/03/2022,79
24/03/2022,22
25/03/2022,89
28/03/2022,46
29/03/2022,49
30/03/2022,57
31/03/2022,59
01/04/2022,57
04/04/2022,95
04/04/2022,96
05/04/2022,58
06/04/2022,42
07/04/2022,10
08/04/2022,77
11/04/2022,29
12/04/2022,88
13/04/2022,01
14/04/2022,68
19/04/2022,93
20/04/2022,68
21/04/2022,59
25/04/2022,88
26/04/2022,22
27/04/2022,21
28/04/2022,66
29/04/2022,90
03/05/2022,39
04/05/2022,65
05/05/2022,57
06/05/2022,39
09/05/2022,13
10/05/2022,16
12/05/2022,23
13/05/2022,38
16/05/2022,60
17/05/2022,74
18/05/2022,06
19/05/2022,11
20/05/2022,48
23/05/2022,53
24/05/2022,17
25/05/2022,25
26/05/2022,03
27/05/2022,76
30/05/2022,88
31/05/2022,78
01/06/2022,95
01/06/2022,96
02/06/2022,01
03/06/2022,01
06/06/2022,24
07/06/2022,62
08/06/2022,25
09/06/2022,32
10/06/2022,76
13/06/2022,71
13/06/2022,72
14/06/2022,91
15/06/2022,70
16/06/2022,62
17/06/2022,42
20/06/2022,33
21/06/2022,05
22/06/2022,85
23/06/2022,79
24/06/2022,97
27/06/2022,08
28/06/2022,52
29/06/2022,53
30/06/2022,68
01/07/2022,12
04/07/2022,21
05/07/2022,67
06/07/2022,29
07/07/2022,77
08/07/2022,70
11/07/2022,23
12/07/2022,69
13/07/2022,33
15/07/2022,85
18/07/2022,25
19/07/2022,38
20/07/2022,22
21/07/2022,75
22/07/2022,90
25/07/2022,23
26/07/2022,63
27/07/2022,69
28/07/2022,54
29/07/2022,36
02/08/2022,71
02/08/2022,72
03/08/2022,99
04/08/2022,79
05/08/2022,19
08/08/2022,86
09/08/2022,74
10/08/2022,33
11/08/2022,52
12/08/2022,95
12/08/2022,96
15/08/2022,83
16/08/2022,66
17/08/2022,41
19/08/2022,70
22/08/2022,85
23/08/2022,32
24/08/2022,11
25/08/2022,61
26/08/2022,44
29/08/2022,68
30/08/2022,40
31/08/2022,69
01/09/2022,81
01/09/2022,82
02/09/2022,88
05/09/2022,50
06/09/2022,80
07/09/2022,52
08/09/2022,36
09/09/2022,90
12/09/2022,70
13/09/2022,27
14/09/2022,42
15/09/2022,67
16/09/2022,07
20/09/2022,67
22/09/2022,42
23/09/2022,21
26/09/2022,39
27/09/2022,23
28/09/2022,52
29/09/2022,19
30/09/2022,71
30/09/2022,72
03/10/2022,64
04/10/2022,20
05/10/2022,07
06/10/2022,88
07/10/2022,34
11/10/2022,42
12/10/2022,97
13/10/2022,44
14/10/2022,97
17/10/2022,60
18/10/2022,08
19/10/2022,15
20/10/2022,23
21/10/2022,80
24/10/2022,09
25/10/2022,22
26/10/2022,66
27/10/2022,74
28/10/2022,75
31/10/2022,30
01/11/2022,87
07/11/2022,80
08/11/2022,49
09/11/2022,33
10/11/2022,77
11/11/2022,45
14/11/2022,97
15/11/2022,55
16/11/2022,68
17/11/2022,35
18/11/2022,77
21/11/2022,52
22/11/2022,15
23/11/2022,40
24/11/2022,12
25/11/2022,25
28/11/2022,19
29/11/2022,95
29/11/2022,96
30/11/2022,26
01/12/2022,53
02/12/2022,94
05/12/2022,65
06/12/2022,33
07/12/2022,66
08/12/2022,24
09/12/2022,59
12/12/2022,80
13/12/2022,92
14/12/2022,60
15/12/2022,28
16/12/2022,06
19/12/2022,42
20/12/2022,57
21/12/2022,99
22/12/2022,37
26/12/2022,00
27/12/2022,20
28/12/2022,57
29/12/2022,36
30/12/2022,39
03/01/2023,87
04/01/2023,05
05/01/2023,56
06/01/2023,76
09/01/2023,20
10/01/2023,58
11/01/2023,66
12/01/2023,35
13/01/2023,11
17/01/2023,42
18/01/2023,36
20/01/2023,22
23/01/2023,75
24/01/2023,17
25/01/2023,67
26/01/2023,16
27/01/2023,19
30/01/2023,83
31/01/2023,97
01/02/2023,18
02/02/2023,64
03/02/2023,16
06/02/2023,02
07/02/2023,35
08/02/2023,55
09/02/2023,97
10/02/2023,89
13/02/2023,76
14/02/2023,83
16/02/2023,89
17/02/2023,13
20/02/2023,51
21/02/2023,68
22/02/2023,68
23/02/2023,55
24/02/2023,63
27/02/2023,64
28/02/2023,51
01/03/2023,40
02/03/2023,17
03/03/2023,69
07/03/2023,22
08/03/2023,86
09/03/2023,57
10/03/2023,49
13/03/2023,31
14/03/2023,19
15/03/2023,39
16/03/2023,05
17/03/2023,00
20/03/2023,74
21/03/2023,23
22/03/2023,51
23/03/2023,28
24/03/2023,12
27/03/2023,34
28/03/2023,87
29/03/2023,85
30/03/2023,62
31/03/2023,94
03/04/2023,10
04/04/2023,29
05/04/2023,29
06/04/2023,31
11/04/2023,41
12/04/2023,20
13/04/2023,50
14/04/2023,34
17/04/2023,10
18/04/2023,98
19/04/2023,88
20/04/2023,74
21/04/2023,17
24/04/2023,24
25/04/2023,83
26/04/2023,44
28/04/2023,66
